prompt,label
"Can I send an email, please?",send
I'd like to compose an email.,send
I need to send an email.,send
Could you help me write an email?,send
Is it possible to send an email with you?,send
Let's write an email.,send
Time to send an email.,send
I want to email someone.,send
Open email for writing.,send
Compose a new message.,send
I have an email to send.,send
There's someone I need to email.,send
I want to get in touch with [someone] through email.,send
Could you draft an email for me?,send
I need to send an email about [topic].,send
Time to send a quick email.,send
Let's shoot someone an email.,send
I have an important email to write.,send
Is there a way to email [someone]?,send
Can you help me send an email regarding [topic]?,send
I need to drop someone a line.,send
Let's ping someone with an email.,send
Time to fire off an email.,send
Is it cool if I send an email?,send
Can you whip up an email for me?,send
I could use an email assistant right now.,send
Let's get in touch electronically.,send
"I wanna send an email, yo.",send
"Can you help me send an email, buddy?",send
Mind helping me out with an email?,send
"Start a new email, please.",send
Let's create a new email message.,send
Activate email composition mode.,send
"Open the email writer, please.",send
Can you initiate a new email for me?,send
I'd like to access the email composer.,send
Guide me through composing an email.,send
Help me get started with a new email.,send
Take me to the email writing section.,send
Begin a new email draft.,send
I need to send a quick thank you email.,send
Can you help me write a birthday email?,send
Let's draft a work email together.,send
I have a complaint to send via email.,send
Is it possible to write an email invitation?,send
Help me compose an email apology.,send
Can you guide me through writing a meeting email?,send
I need to send a follow-up email.,send
Let's write an email for feedback.,send
Is there a way to draft a resignation email?,send
Is sending an email an option?,send
Could I possibly send an email with your help?,send
Would it be alright to compose an email now?,send
Do you mind helping me write an email message?,send
I was wondering if I could send an email through you.,send
Is there a way for me to get started with an email?,send
Can you assist me in the email writing process?,send
"I'm not sure how to send an email, can you help?",send
Would you be able to guide me through writing an email?,send
Is it possible to use your voice to send an email?,send
"Hey, can I write an email?",send
"Dude, let's send an email.",send
"Yo, help me out with an email, please.",send
Mind if I shoot someone an email?,send
Is it cool if I use you to send an email?,send
Can you whip up an email real quick?,send
"Let's get this email done, assistant.",send
"Time to blast out an email, you in?",send
"Help a brother out with an email, please.",send
"My fingers are tired, can you write an email?",send
Let's write.,send
I need to compose.,send
Can you draft something for me?,send
Time to fire off a message.,send
Let's get in for a mail.,send
I have something to send to [someone].,send
I need to reach out to [someone] electronically.,send
Can you help me contact [someone] through email?,send
Is there a way to get a message to [someone]?,send
I have some information to share via email.,send
Can you be my email genie?,send
Let's make the email magic happen.,send
"I need your email superpowers, assistant!",send
Time to email someone into existence.,send
Can you email like a boss for me?,send
"Let's write an email that slays, shall we?",send
"I need your email Jedi skills, master.",send
Is it possible to email someone with the power of your voice?,send
Can you make emailing effortless for me?,send
Let's write an email that breaks the internet.,send
May I please send an email?,send
I'd like to send an email now.,send
"Could you help me compose an email, please?",send
Is it possible to write a new email message?,send
I need to send an email. Can you assist me?,send
"I just finished a meeting, can I send an email recap?",send
I need to send an email after this phone call.,send
Remind me to send an email after my presentation.,send
Can you help me write an email while I'm on the go?,send
Is there a way to send an email hands-free?,send
Show me all my emails.,list
"Can you list my emails, please?",list
Open my inbox.,list
I want to see all my mail.,list
Display my email messages.,list
Can you give me a list of my emails?,list
Show me my emails in chronological order.,list
"Open the email list, please.",list
I need to access my inbox.,list
Can I see my email messages now?,list
I want to check my email.,list
Could you show me any new emails?,list
Are there any emails waiting for me?,list
Let me see what's in my inbox.,list
Can you give me a quick overview of my emails?,list
Is it possible to view all my email messages?,list
I need to catch up on my emails.,list
Show me any unread emails I have.,list
Are there any important emails in my inbox?,list
Can you list my emails starting with the most recent?,list
What's in my email bin?,list
Can you give me the email scoop?,list
"Show me my email pile, please.",list
Is it cool if I peek at my inbox?,list
"Can you whip up a list of my emails, buddy?",list
"I'm feeling overwhelmed, show me my emails.",list
Let's dive into my email ocean.,list
"My fingers are tired, can you list my emails?",list
"Show me the email goodies, please.",list
Can you be my email fortune teller?,list
Open the email list view.,list
Let's access all my email messages.,list
Activate email inbox mode.,list
"Display the complete email list, please.",list
Can you initiate showing my email messages?,list
I'd like to access the email viewer.,list
Guide me through viewing all my emails.,list
Help me get started with my email list.,list
Take me to the email overview section.,list
Show me all my email drafts.,list
Is it possible to list all my emails?,list
Could I possibly see a list of my emails with your help?,list
Would it be alright to view my email inbox now?,list
Do you mind showing me all my email messages?,list
I was wondering if I could list my emails through you.,list
Is there a way for me to get to my email list?,list
Can you assist me in viewing all my emails?,list
"I'm not sure how to see my emails, can you help?",list
Would you be able to guide me through viewing my inbox?,list
Is it possible to use your voice to show me my emails?,list
"Hey, can I see my emails?",list
"Dude, show me what's in my inbox.",list
"Yo, list my emails, please.",list
Mind if I check my email real quick?,list
Is it cool if I use you to show me my emails?,list
Can you whip up a list of my emails?,list
"Let's get my email list going, assistant.",list
Time to see what emails I missed. You in?,list
"Help a brother out with my emails, please.",list
"My eyes are tired, can you read my emails to me?",list
Let's see what's in there.,list
I need to view my messages.,list
Can you show me something?,list
Time to check my email backlog.,list
Let's get this email thing started.,list
I have some things to check in my email.,list
I need to see if I have any new messages.,list
Can you tell me if there are any important emails for me?,list
Is there anything waiting for me in my inbox?,list
I need to catch up on my email communication.,list
Can you be my email genie? Show me the email treasure trove!,list
Let's make the email magic happen. Open the email curtain!,list
"I need your email superpowers, assistant! Unleash the email flood!",list
Time to email someone into existence. Show me my email spirit animal!,list
Can you email with the power of your voice? List my email messages like a boss!,list
"Let's write an email that slays, shall we? Start me off with my inbox firestorm!",list
"I need your email Jedi skills, master. Open the email pathway!",list
Is it possible to use your voice to unlock my email universe? Show me the email galaxy!,list
Can you make checking my email effortless? Give me the email zen experience!,list
"Let's write an email that breaks the inbox, but first, show me what's there!",list
"I just finished a meeting, can you show me any new emails?",list
Let me see my emails before this phone call ends.,list
Remind me to check my inbox after my presentation.,list
Can you list my emails while I'm on the go?,list
Is there a way to access my email hands-free?,list
Show me any emails I received since [specific time/date].,list
Can you list my emails from [specific sender/recipient]?,list
Are there any unread emails about [specific topic]?,list
Show me only the important emails in my inbox.,list
Can you prioritize my email list for me?,list
I want to see the unread emails first.,list
List my emails in reverse chronological order.,list
Show me only the emails with attachments.,list
Can you filter my emails by [specific criteria]?,list
Is it possible to list down emails containing [keywords]?,list
Let me see the starred emails in my inbox.,list
Show me only the emails from my work account.,list
Can you list the emails in my [specific folder]?,list
Is there a way to view the deleted emails?,list
Open the email that I received most recently.,list
"Delete this email, please.",trash
Can you get rid of this email?,trash
I want to remove this email.,trash
Please erase this email.,trash
Time to delete this one.,trash
This email needs to go.,trash
Can you dispose of this email for me?,trash
"I'm done with this email, delete it.",trash
This email can be trashed.,trash
Remove this email permanently.,trash
Are you sure you can delete this email?,trash
Can you confirm deleting this email?,trash
"I want to permanently delete this email, is that right?",trash
"Trash this mail for me, please",trash
Trash this mail.,trash
"Ditch this email, please.",trash
"Trash this mail, please.",trash
Trash this mail to the bin.,trash
This email needs to be banished.,trash
Can you make this email disappear like magic?,trash
This email needs to take a permanent vacation.,trash
"Trash this email, please.",trash
"This email is toast, delete it.",trash
Trash this email.,trash
Send this mail to the trash.,trash
Send this email to the trash.,trash
Activate the email removal process.,trash
Proceed with permanent email deletion.,trash
Execute email erase protocol.,trash
Confirm email trashing action.,trash
Is it possible to delete this email permanently?,trash
Could I possibly erase this email with your help?,trash
Would it be alright to remove this email forever?,trash
Do you mind getting rid of this email for me?,trash
I was wondering if I could permanently delete this email through you.,trash
Is there a way for me to erase this email completely?,trash
Can you assist me in permanently removing this email?,trash
"I'm not sure how to delete this email permanently, can you help?",trash
Would you be able to guide me through permanently deleting this email?,trash
Is it possible to use your voice to permanently delete this email?,trash
"Hey, can you delete this email?",trash
"Dude, get rid of this email, please.",trash
"Yo, trash this email for me.",trash
Mind if I delete this email real quick?,trash
Is it cool if I use you to erase this email?,trash
Can you whip up an email deletion for me?,trash
"Let's get rid of this email now, assistant.",trash
"Time to nuke this email, you in?",trash
"Help a brother out with this email deletion, please.",trash
"My fingers are tired, can you delete this email for me?",trash
Can you remove it?,trash
I need to erase this.,trash
"Get rid of this one, please.",trash
Time to trash this.,trash
Let's delete this thing.,trash
I don't want this email anymore.,trash
This email can be removed.,trash
There's no need to keep this email.,trash
Is it possible to permanently erase this email?,trash
"I'm done with this email, can you take care of it?",trash
Can you be my email grim reaper? Delete this email!,trash
Let's make the email deletion magic happen! Vanish this email!,trash
"I need your email deletion superpowers, assistant! Make this email disappear!",trash
Time to email someone into oblivion. Delete this email like a ninja!,trash
Can you delete with the power of your voice? Erase this email like a boss!,trash
"Let's write an email that gets deleted, shall we? Send this email to the email void!",trash
"I need your email Jedi skills, master. Delete this email with the force!",trash
Is it possible to use your voice to permanently remove this email from existence?,trash
Send this email to the email black hole!,trash
"This email needs to be sent packing, please delete it permanently.",trash
Can you make this email disappear forever? I don't need it anymore.,trash
"Give this email the one-way ticket to the trash bin, please.",trash
"Move this mail to the trash bin, please.",trash
Time to give this email its final resting place. Can you erase it completely?,trash
This email has served its purpose. Can you remove it from my inbox forever?,trash
I'm ready to part ways with this email. Can you ensure it's gone for good?,trash
This email can be retired now. Can you permanently delete it for me?,trash
Let's de-clutter my inbox by removing this email permanently.,trash
This email is no longer relevant. Can you erase it from my account completely?,trash
I would appreciate it if you could permanently delete this email.,trash
Is it possible to remove this email from my inbox and all folders forever?,trash
Can you confirm that this email will be gone for good once you delete it?,trash
I want to make sure this email is completely erased. Can you do that?,trash
Please let me know when this email has been permanently deleted.,trash
There's no need to keep a copy of this email. Can you delete it entirely?,trash
This email can be disposed of without saving it anywhere else.,trash
I trust you to permanently remove this email from my account.,trash
Can you delete this email and make sure it cannot be recovered?,trash
I'm confident you can handle this email deletion permanently.,trash
This email is ready for its final goodbyes. Can you delete it permanently?,trash
Can you remove the email I'm currently viewing?,trash
Is there a way to permanently erase this open email?,trash
I'd like to delete the email that's currently displayed.,trash
Can you help me get rid of the email I'm looking at right now?,trash
Is it possible to permanently remove this open email from my inbox?,trash
Proceed with permanent deletion of this email.,trash
Confirm eradication of the displayed email.,trash
Kindly remove the current email permanently.,trash
Request final deletion of the viewed email.,trash
Initiate permanent erasure of this electronic message.,trash
"Can you read this email to me, please?",read
Could you read this out loud?,read
I'd like to hear this email.,read
Please read the contents of this message.,read
Share the details of this email with me.,read
Tell me what's written in this email.,read
Can you narrate this email for me?,read
Read the text of this email aloud.,read
Let me hear this message verbally.,read
I need you to read this email.,read
I want to understand what this email says.,read
Can you summarize the content of this email?,read
What does this email say in more detail?,read
"I'm visually impaired, could you read this email?",read
Is it possible to get an audio version of this email?,read
"My hands are busy, can you read this email aloud?",read
I need help understanding this email's message.,read
Can you clarify the information in this email?,read
Briefly tell me what this email is about.,read
Is there a way to hear what's written here?,read
"Give me the scoop on this email, please.",read
Can you tell me the story behind this email?,read
What's the email drama all about?,read
"Spill the tea on this email, assistant.",read
"Is it cool if you read this email to me, buddy?",read
Can you whip up an audio version of this email?,read
Let's listen to this email together.,read
"My eyes are tired, can you read this email like a bedtime story?",read
Can you make this email come alive with your voice?,read
Tell me what this email wants to say.,read
Activate email read-aloud mode.,read
Initiate voice narration for this email.,read
Begin reading the displayed email message.,read
Proceed with verbal communication of this email.,read
Execute text-to-speech for the open email.,read
Is it possible to read this email out loud?,read
Could I possibly hear this email with your help?,read
Would it be alright to have you read this email to me?,read
Do you mind reading the contents of this email?,read
I was wondering if I could hear this email through you.,read
Is there a way for me to access an audio version of this email?,read
Can you assist me in hearing what's written here?,read
"I'm not sure how to hear this email, can you help?",read
Would you be able to guide me through listening to this email?,read
Is it possible to use your voice to read this email to me?,read
"Hey, can you read this email?",read
"Dude, read this out loud for me, please.",read
"Yo, tell me what this email says.",read
Mind if I hear this email real quick?,read
Is it cool if you use your voice to read this email?,read
Can you whip up an email reading for me?,read
"Let's get this email read, assistant.",read
"Time to hear what this email is about, you in?",read
"Help a brother out with this email reading, please.",read
"My hands are full, can you read this email to me?",read
Can you tell me?,read
I need to hear this.,read
What does this say?,read
Read it please.,read
Let me know what's in here.,read
I need to know what's in this email.,read
Can you share the information in this email with me?,read
I'm interested in understanding this email's content.,read
Is there a way to access the audio version of this email?,read
I would appreciate it if you could read this email to me.,read
Can you be my email audiobook narrator? Read this email!,read
Can you make this email come alive with your captivating voice?,read
"Let's embark on a journey through this email together, shall we?",read
I need your masterful storytelling skills to bring this email to life.,read
Is it possible to use your voice to paint a picture of this email's content?,read
Can you read this email with the same enthusiasm as a news anchor?,read
"Let's give this email a dramatic reading, you in?",read
I need your soothing voice to guide me through this email's message.,read
Is it possible to use your voice to make this email more engaging?,read
Can you transform this email into an auditory experience for me?,read
I would appreciate it if you could read this email in a clear and concise manner.,read
Is it possible to get an audio summary of this email's key points?,read
Can you highlight the important parts of this email while reading it?,read
I'm interested in hearing the specific details mentioned in this email.,read
Could you focus on the actionable items mentioned in this email?,read
Is it possible to get a breakdown of the main points in this email?,read
I would appreciate it if you could prioritize the urgent information in this email.,read
Can you read this email in a way that helps me grasp its overall tone?,read
Is it possible to get a sense of the sender's emotions through your reading?,read
I'm curious to hear the nuances of the language used in this email.,read
Can you read this email with the appropriate emphasis and inflection?,read
I would appreciate it if you could tailor your reading style to this specific email.,read
Can you verbally present the email I'm currently viewing?,read
Is there a way to get an audio interpretation of this open email?,read
I'd like to hear the contents of the email I'm looking at right now.,read
Can you help me understand this email by reading it aloud?,read
Is it possible to access an audio version of the email displayed on screen?,read
Can you give me the lowdown on what this email says?,read
"I'm driving, can you read this email to me hands-free?",read
Is there a way to convert this email to audio so I can multitask?,read
"Let's dissect this email together, read it out loud and tell me your thoughts.",read
"This email seems important, can you prioritize the key points while reading?",read
"I'm feeling tired, can you soothe me with the calming tones of this email?",read
"Tell me what this email wants from me, read it as if you're the sender.",read
Can you read this email with the same precision and clarity as a legal document?,read
"Can you reply to this email, please?",reply
I'd like to write a reply to this email.,reply
Let me respond to this message.,reply
Time to answer this email.,reply
Can you draft a reply for me?,reply
I need to send a response to this email.,reply
Is it possible to reply through you?,reply
Help me write a reply to this email.,reply
Initiate email reply mode.,reply
Let's craft a response to this message.,reply
I want to respond to this email with a specific message.,reply
Can you help me formulate a reply to this email?,reply
Would you mind drafting a personalized response for me?,reply
Is there a way to tailor the reply based on this email's tone?,reply
Can you suggest what to say in my reply?,reply
Let's shoot back a reply to this email.,reply
Time to return the email favor.,reply
Can you craft a witty reply for me?,reply
"This email needs a response, let's get it done.",reply
Is it cool if you help me reply to this email?,reply
Can you whip up a quick reply for me?,reply
"This email deserves a response, you in?",reply
"Help a brother out with this email reply, please.",reply
"My fingers are tired, can you type up a reply for me?",reply
Initiate email reply composition.,reply
Begin drafting a response to this message.,reply
Proceed with email reply creation.,reply
Activate email reply functionality.,reply
Execute email reply protocol.,reply
Is it possible to respond to this email directly?,reply
Could I possibly write a reply through your assistance?,reply
Would it be alright to draft a response with you?,reply
Do you mind helping me reply to this email?,reply
I was wondering if I could craft a reply with your help.,reply
"Hey, can you help me reply to this email?",reply
"Dude, draft a reply for me, please.",reply
"Yo, help me respond to this email.",reply
Mind if I reply to this email real quick with you?,reply
Is it cool if you use your voice to help me reply to this email?,reply
Can you respond?,reply
I need to reply to this.,reply
"Write a reply, please.",reply
Respond to this email for me.,reply
Let me reply.,reply
I need to respond to this email's sender.,reply
Can you help me draft a reply to this message?,reply
Is there a way to write a response through you?,reply
I would appreciate it if you could help me reply to this email.,reply
Can you be my email reply ninja? Craft a response for me!,reply
Let's make the email reply magic happen! Draft a witty reply!,reply
"I need your email reply superpowers, assistant! Make this response rock!",reply
Time to email someone back into existence. Reply to this email like a boss!,reply
Can you reply with the power of your voice? Craft a response like a pro!,reply
"Let's write a reply that slays, shall we? Start me off with my email response firestorm!",reply
"I need your email Jedi skills, master. Reply to this email with the force!",reply
Is it possible to use your voice to draft a killer email reply? Show me the email response galaxy!,reply
Can you make replying to this email effortless? Give me the email reply zen experience!,reply
Can you draft a reply to the currently open email?,reply
Is there a way to respond to this message directly?,reply
I'd like to send a reply to this email through you.,reply
Can you help me formulate a response to this email's content?,reply
Is it possible to use your voice to write a reply for me?,reply
Let's get started with writing a response to this specific email.,reply
I'm ready to compose a personalized reply to this message.,reply
Can you guide me through crafting a relevant response to this email?,reply
Is it possible to draft a reply that directly addresses the points in this email?,reply
Help me formulate a clear and concise response to this specific email sender.,reply
I'd love to use your voice to write a thoughtful reply to this email.,reply
Can you help me tailor the reply based on the tone and content of this email?,reply
Is there a way to ensure my reply stays focused on this specific email's topic?,reply
Let's create a reply that directly addresses the information mentioned in this email.,reply
I'm interested in responding to this email with specific details and questions.,reply
Can you help me draft a reply that acknowledges the main points in this email?,reply
Is it possible to use keywords from this email to craft a relevant response?,reply
Let's ensure my reply stays relevant to the context of this specific email.,reply
I need your assistance in formulating a well-structured reply to this email.,reply
Can you draft a reply that maintains a professional tone for this email?,reply
Is it possible to use your voice to write a respectful response to this email?,reply
Let's craft a reply that shows I understand the content of this specific email.,reply
I'd appreciate it if you could help me respond politely and effectively to this email.,reply
Can you assist me in writing a reply that avoids misunderstandings in this email?,reply
Is it possible to use your voice to draft a clear and concise email reply?,reply
Let's make sure my reply stays on topic and addresses the sender's concerns in this email.,reply
I need your help in composing a well-organized and informative response to this email.,reply
Can you ensure my reply remains relevant to the specific subject matter of this email?,reply
Is it possible to use your voice to draft a reply that avoids unnecessary details?,reply
"Let's keep my reply focused and to the point, addressing the key points in this email.",reply
I'd appreciate it if you could help me write a courteous and professional reply to this email.,reply
Can you ensure my response stays relevant to the information shared in this email?,reply
Is it possible to use your voice to draft a reply that expresses my gratitude in this email?,reply
Let's craft a response that acknowledges the sender's message and appreciates their input.,reply
I need your help in writing a reply that conveys my thoughts and suggestions clearly.,reply
Can you ensure my response stays focused on the specific question asked in this email?,reply
Is it possible to use your voice to draft a reply that offers helpful information?,reply
Let's formulate a response that provides specific details and solutions mentioned in this email.,reply
Can you help me draft a quick reply to this email? Just a few sentences will do.,reply
Is it possible to send a brief acknowledgement to this email through you?,reply
Let's respond to this email with a simple "thank you" message. Can you help me write it?,reply
I need to send a short response to this email confirming my understanding. Can you craft something concise?,reply
Could you help me draft a follow-up question based on the information in this email?,reply
"Can you untrash this email, please?",untrash
I'd like to recover this email from the trash.,untrash
Please restore this email from the trash folder.,untrash
Time to bring this email back from the dead.,untrash
Can you undo deleting this email?,untrash
"I accidentally trashed this email, can you get it back?",untrash
Is there a way to un-delete this email for me?,untrash
Help me rescue this email from the trash bin.,untrash
"Oops, I deleted this email. Can you put it back?",untrash
I need to retrieve this email from the trash.,untrash
"I changed my mind, I want to keep this email.",untrash
Can you confirm that this email will be restored from the trash?,untrash
Is there a way to make sure this email doesn't get permanently deleted?,untrash
"I need this email back in my inbox, can you handle that?",untrash
"Would you mind recovering this email for me, even though it's in the trash?",untrash
"Let's fish this email out of the trash can, can you help?",untrash
"This email deserves a second chance, can you save it from the trash graveyard?",untrash
"I need your email resurrection superpowers, assistant! Bring this email back!",untrash
"Time to give this email a lifeline, can you pull it from the trash vortex?",untrash
Can you use your voice magic to undo this email deletion? Make it reappear!,untrash
"Let's write an email that escapes the trash, shall we? Can you send it back to my inbox?",untrash
"I need your email Jedi skills, master. Rescue this email from the trash with the force!",untrash
Is it possible to use your voice to bring this email back from the trash oblivion?,untrash
"Can you make this email un-deleted, like it never even touched the trash bin?",untrash
"Give this email a get-out-of-trash-free card, please.",untrash
Initiate email untrashing protocol.,untrash
Begin email recovery from trash folder.,untrash
Proceed with restoring deleted email.,untrash
Activate email undelete functionality.,untrash
Execute email retrieval from trash.,untrash
Is it possible to recover this email from the trash bin?,untrash
Could I possibly get this email back from being deleted?,untrash
Would it be alright to restore this email from the trash folder?,untrash
Do you mind helping me untrash this email?,untrash
I was wondering if I could retrieve this email with your help.,untrash
"Hey, can you help me get this email out of the trash?",untrash
"Dude, undelete this email for me, please.",untrash
"Yo, pull this email back from the trash.",untrash
Mind if I untrash this email real quick with you?,untrash
Is it cool if you use your voice to untrash this email?,untrash
Can you recover it?,untrash
I need to get this back.,untrash
"Undelete this one, please.",untrash
Take this out of the trash.,untrash
Can you bring this back?,untrash
"I made a mistake, I want this email back in my inbox.",untrash
"This email shouldn't be in the trash, can you move it back?",untrash
Is there a way to restore an email I accidentally deleted?,untrash
I would appreciate it if you could help me retrieve this email from the trash.,untrash
Can you be my email Lazarus? Bring this email back from the trash!,untrash
Let's make the email untrashing magic happen! Restore this email with a snap!,untrash
"I need your email recovery superpowers, assistant! Make this email reappear!",untrash
"Time to give this email a second chance, can you pull it from the trash vortex?",untrash
Can you use your voice magic to undo this email deletion? Make it reappear!,untrash
Can you send this mail back to my inbox?,untrash
Can you perform an email resurrection mission and bring this one back from the trash?,untrash
"This email deserves a pardon, can you move it back to my inbox for safekeeping?",untrash
Is there a way to give this email a second chance and undo its deletion?,untrash
"Oops, wrong button! Can you help me put this email back where it belongs?",untrash
"Consider this an email amnesty request, can you retrieve it from the trash folder?",untrash
"Is it possible to restore this email from the trash, please?",untrash
I'd like to retrieve this email from the deleted items folder.,untrash
Can you move this message back to my inbox for me?,untrash
"Oops, I accidentally deleted this email. Is there a way to get it back?",untrash
Is there a recovery option for this deleted email?,untrash
I need this email back in my inbox. Can you help me with that?,untrash
Would you mind returning this email to its original location?,untrash
Is it possible to undo the deletion of this email?,untrash
I think I deleted this email by mistake. Can you restore it?,untrash
Please help me recover this email that I accidentally deleted.,untrash
I changed my mind about deleting this email. Can you put it back?,untrash
Is there a way to ensure this email isn't permanently deleted?,untrash
"I need this email for future reference, can you make sure it's recovered?",untrash
Would you mind checking if this email can be retrieved from the trash?,untrash
Is there a way to recover this email even if it's been in the trash for a while?,untrash
"This email deserves a second lease on life, can you fish it out of the trash?",untrash
"I need your email rescue skills, assistant! This email needs saving from the trash bin!",untrash
"Time to give this email a do-over, can you pull it back from the trash abyss?",untrash
Can you use your voice to undo this email deletion and make it reappear like magic?,untrash
"This email wasn't ready for the trash compactor, can you send it back to my inbox?",untrash
"I need your email Jedi healing touch, master. Can you restore this email from the trash with the force?",untrash
Is it possible to use your voice to bring this email back from the land of deleted emails?,untrash
"Can you make this email un-deleted, like it never even touched the trash bin?",untrash
"Give this email a get-out-of-trash-free card, please. It doesn't belong there!",untrash
"This email isn't garbage, can you help me put it back where it belongs?",untrash
Initiate email trash recovery process.,untrash
Begin restoring deleted email from trash folder.,untrash
Proceed with email undeletion.,untrash
Activate email retrieval functionality from trash.,untrash
Execute email restore from deleted items.,untrash
"Is it possible to get this email back from the trash bin, if I haven't emptied it yet?",untrash
Could I possibly recover this email even though I deleted it a while ago?,untrash
"Would it be alright to restore this email from the trash, even if it's marked for permanent deletion?",untrash
"Do you mind helping me get this email back, even if it seems like it's gone forever?",untrash
"I was wondering if there's a way to retrieve this email, even if it's not technically in the trash anymore.",untrash
"Hey, can you help me get this email out of the trash? It was a mistake!",untrash
"Dude, can you undelete this email for me, please? I need it back.",untrash
"Yo, pull this email back from the trash. I changed my mind.",untrash
Mind if I untrash this email real quick with you? It's important.,untrash
Is it cool if you use your voice to bring this email back from the trash? I appreciate it!,untrash
"Can you forward this email, please?",forward
I'd like to forward this message to someone.,forward
Let's send this email on to someone else.,forward
Time to share this email with another recipient.,forward
Can you help me forward this email?,forward
I need to send this email to someone else.,forward
Is there a way to forward this message through you?,forward
"Help me forward this email, please.",forward
Initiate email forwarding mode.,forward
Let's get this email forwarded.,forward
I want to send this email to specific people.,forward
Can you help me choose the right recipients for this email forward?,forward
Would you mind adding a few people to the recipient list when forwarding?,forward
Is there a way to personalize the forwarded email for different recipients?,forward
Can you suggest what to write in the forwarding message?,forward
"Let's pass this email along, can you help?",forward
"Time to spread the word with this email, can you forward it?",forward
"Need your email forwarding superpowers, assistant! Send this email onward!",forward
"This email deserves a wider audience, can you help it reach more people?",forward
Can you use your voice magic to forward this email like a digital postman?,forward
"Let's write an email that travels farther, shall we? Forward this one please!",forward
"I need your email Jedi skills, master. Forward this email with the force!",forward
Is it possible to use your voice to send this email on its next adventure?,forward
Can you make forwarding this email as easy as a click of a button?,forward
"This email needs some new friends, can you forward it and introduce them?",forward
Activate email forwarding functionality.,forward
Begin email forwarding process.,forward
Proceed with email recipient selection for forwarding.,forward
Execute email forwarding protocol.,forward
Initiate recipient input for email forwarding.,forward
Is it possible to send this email to someone else?,forward
Could I possibly forward this message through your assistance?,forward
Would it be alright to use your help to forward this email?,forward
Do you mind helping me share this email with others?,forward
I was wondering if I could forward this email with your help.,forward
"Hey, can you help me forward this email?",forward
"Dude, forward this email for me, please.",forward
"Yo, help me send this email to someone else.",forward
Mind if I forward this email real quick with you?,forward
Is it cool if you use your voice to help me forward this email?,forward
Can you send it on?,forward
I need to share this.,forward
"Forward this one, please.",forward
Pass this email along.,forward
Send this to someone else.,forward
I need to send this email to a different recipient.,forward
This email needs to be shared with others.,forward
Is there a way to forward this email to specific people?,forward
I would appreciate it if you could help me forward this email.,forward
Can you be my email relay station? Forward this email to its next stop!,forward
Let's make the email forwarding magic happen! Send this email on a journey!,forward
"I need your email forwarding superpowers, assistant! Make this email fly!",forward
"Time to give this email wings, can you forward it across the digital sky?",forward
Can you use your voice to cast a forwarding spell on this email? Make it teleport!,forward
"Let's write an email that breaks free from my inbox, shall we? Can you forward it?",forward
"I need your email Jedi communication skills, master. Forward this email across galaxies!",forward
Is it possible to use your voice to send this email on a global adventure?,forward
Can you make forwarding this email as smooth as a whisper? Like it never left my inbox!,forward
"Give this email a one-way ticket to another inbox, please. Let's forward it!",forward
Let's forward this mail!,forward
"Let's share this email by forwarding it, shall we?",forward
I need to send this email along to someone else. Can you handle that?,forward
Would you mind forwarding this message for me?,forward
Is there a way to send this email on to another recipient?,forward
It's time to spread the word with this email. Can you help me forward it?,forward
I want to forward this email with a specific message attached.,forward
Can you help me choose the right words for forwarding this email?,forward
Would you mind customizing the recipient list before forwarding?,forward
Is there a way to tailor the forwarded email based on the recipient?,forward
Can you suggest what to write in the forwarding message for different people?,forward
This email deserves a wider audience. Let's send it out there!,forward
Time to get more people in on this email. Can you forward it further?,forward
I need your email forwarding skills to spread the love! Share this message!,forward
This email has valuable information to share. Can you help it reach more people?,forward
Can you use your voice to forward this email like a digital town crier? Announce it loud and clear!,forward
"Let's write an email that travels far and wide, shall we? Forward this one, please!",forward
I need your email Jedi communication skills. Forward this message across the digital galaxy!,forward
Is it possible to use your voice to send this email on a global adventure?,forward
Can you make forwarding this email as smooth as a whisper? Like it never left my inbox!,forward
Let's get this email to the right people. Can you help me forward it strategically?,forward
Initiate email forwarding process with recipient selection.,forward
Begin email forwarding with custom message composition.,forward
Proceed with tailored email forwarding for specific recipients.,forward
Execute email forwarding protocol with personalized messages.,forward
Activate recipient input and message creation for email forwarding.,forward
Is it possible to send this email to multiple recipients?,forward
Could I possibly forward this message with a personalized note?,forward
Would it be alright to use your help to share this email with specific people?,forward
Do you mind helping me get this email to others who might be interested?,forward
I was wondering if I could customize the forwarding process with your help.,forward
"Hey, can you help me share this email with someone else?",forward
"Dude, forward this email to [recipient name], please.",forward
"Yo, help me send this email to [recipient name] and maybe others.",forward
Mind if I forward this email with a quick message with you?,forward
Is it cool if you use your voice to help me forward this email to [recipient name]?,forward
Can you send this to [recipient name]?,forward
I need to share this with [recipient name].,forward
"Forward this one to [recipient name], please.",forward
Can you pass this email along to [recipient name]?,forward
Let's get this to [recipient name].,forward
"Can you star this email, please?",star
I'd like to mark this email as important.,star
Please add a star to this message.,star
Time to flag this email as important.,star
Can you highlight this email for me?,star
"I need to remember this email, can you star it?",star
Is there a way to mark this message as important using you?,star
Help me star this email so I can find it later.,star
"Make this email stand out for me, please.",star
Can you put a star on this email?,star
"This email contains important information, can you star it?",star
"I want to easily access this email in the future, can you star it?",star
Would you mind adding a star to this message to prioritize it?,star
Is there a way to mark this email for follow-up later?,star
"Let's star this mail, now!",star
"Let's give this email a gold star for being important, can you help?",star
"Time to shine a spotlight on this email, can you star it?",star
"I need your email star power, assistant! Make this message stand out!",star
"This email deserves a VIP tag, can you star it and put it in the front row?",star
Can you use your voice magic to mark this email as important with a star?,star
"Let's write an email that glows with importance, shall we? Star this one, please!",star
I need your email Jedi skills to prioritize this message. Star it with the force!,star
Is it possible to use your voice to mark this email as a keeper?,star
Can you make this email sparkle with importance by starring it?,star
"Give this email a thumbs-up with a star, please. It deserves it!",star
Activate email starring functionality.,star
Begin marking current email as important.,star
Proceed with adding star symbol to message.,star
Execute email prioritization protocol.,star
Initiate importance flag for current email.,star
Is it possible to mark this email for future reference?,star
Could I possibly highlight this message as important through you?,star
Would it be alright to use your help to prioritize this email?,star
Do you mind adding a star to this email so I don't miss it?,star
I was wondering if I could mark this email as important with you.,star
"Hey, can you help me star this email?",star
"Dude, make this email important by starring it, please.",star
"Yo, star this email so I remember it later.",star
Mind if I star this email real quick with you?,star
Is it cool if you use your voice to star this email?,star
Can you mark it?,star
I need to remember this one.,star
"Star this, please.",star
Highlight this email.,star
Make this important.,star
"This email is important, I don't want to miss it later.",star
I need a way to keep track of this email for future reference.,star
Is there a way to mark this email as something I need to come back to?,star
I would appreciate it if you could help me remember this email.,star
Can you be my email fairy godmother and sprinkle this message with star dust?,star
Let's make the email starring magic happen! Add a star to this message with a snap!,star
"I need your email highlighting superpowers, assistant! Make this message shine!",star
"Time to give this email a VIP pass, can you star it and put it on the A-list?",star
Can you use your voice to cast a starring spell on this email? Make it glow!,star
"Let's write an email that deserves a red carpet entrance, shall we? Star it, please!",star
"I need your email Jedi prioritization skills, master. Star this message with the force!",star
"Give this email a star, please.",star
I need to mark this email as important. Can you do that?,star
Would you mind adding a star to this message?,star
Time to flag this email for importance. Can you help?,star
This email deserves a star. Can you make it happen?,star
I want to remember this email easily. Can you star it?,star
Is there a way to mark this message as important using your voice?,star
Help me highlight this email so I can find it later.,star
"Make this email stand out for me, please.",star
Put a star on this email for me.,star
This email contains crucial information. Can you star it for easy access?,star
I want to prioritize this email for later action. Can you help me do that?,star
Would you mind starring this message to remind me to follow up?,star
Is there a way to flag this email for future reference through you?,star
"Bump this email up the importance list, can you? Let's star it!",star
"Let's give this email a thumbs-up with a star, shall we?",star
Time to put a spotlight on this important email. Can you star it?,star
"I need your email highlighting skills, assistant! Make this message pop!",star
This email deserves VIP treatment. Can you star it and put it at the top?,star
Can you use your voice to mark this email as a keeper with a star?,star
"Let's write an email that earns a gold star for importance. Star this one, please!",star
I need your email Jedi prioritization skills to elevate this message. Star it with the force!,star
Is it possible to use your voice to mark this email as something I shouldn't miss?,star
Can you make this email stand out with a shining star?,star
"Give this email a star power boost, please. It deserves it!",star
Mark this email as important.,star
Highlight this message for future reference.,star
Prioritize this email for later action.,star
Add a star to this email for easy access.,star
Flag this email for follow-up.,star
Is it possible to mark this email for later follow-up?,star
Could I possibly highlight this message as crucial through your assistance?,star
Would it be alright to use your help to prioritize this email for easy retrieval?,star
Do you mind helping me mark this email as something I shouldn't forget?,star
I was wondering if I could prioritize this email with your help.,star
"Hey, can you help me make this email important?",star
"Dude, star this email so I remember it later.",star
"Yo, mark this email for follow-up, please.",star
Mind if I star this email real quick with you?,star
Is it cool if you use your voice to highlight this email?,star
Can you make this important?,star
I need to remember this.,star
"Highlight this, please.",star
Make this a priority.,star
"Can you show me my deleted emails, please?",trash_list
I'd like to see what's in my trash folder.,trash_list
Open my trash and show me the deleted emails.,trash_list
Take me to my deleted items or trash folder.,trash_list
List the emails I've deleted recently.,trash_list
Can you access my trash and display the deleted emails?,trash_list
Is there a way to view my deleted messages?,trash_list
Show me the emails I trashed earlier.,trash_list
Bring up my trash and let me see what's inside.,trash_list
Open the bin where I keep deleted emails.,trash_list
"I accidentally deleted an email, can you show me my trash to find it?",trash_list
Is there a way to recover an email I deleted by mistake?,trash_list
Can you help me check if a specific email is in my trash?,trash_list
Would you mind showing me the deleted emails from the past week?,trash_list
Is it possible to search for something specific in my trash folder?,trash_list
"Let's peek into the email trash can, can you show it to me?",trash_list
"Time to dig through the email graveyard, can you open my trash?",trash_list
"I need your email recovery skills, assistant! Show me the deleted emails!",trash_list
"This email deserves a second chance, can you fish it out of the trash folder?",trash_list
Can you use your voice magic to show me the emails I banished to the trash?,trash_list
"Let's see what emails are hiding in the email dumpster, shall we? Open my trash!",trash_list
I need your email Jedi skills to unearth deleted messages. Show me the trash with the force!,trash_list
Is it possible to use your voice to access the land of deleted emails?,trash_list
Can you make viewing my trash as easy as opening a regular folder?,trash_list
"Show me the email ghosts I haven't permanently deleted yet, please.",trash_list
Initiate trash folder display.,trash_list
Begin displaying list of deleted emails.,trash_list
Proceed with showing trashed messages.,trash_list
Execute retrieval and display of deleted email content.,trash_list
Activate trash folder access protocol.,trash_list
Is it possible to see the emails I've deleted in the past month?,trash_list
Could I possibly access my deleted messages through your help?,trash_list
Would it be alright to use your assistance to view my trash folder?,trash_list
Do you mind showing me the emails I've marked for deletion?,trash_list
I was wondering if I could see my deleted emails with your help.,trash_list
"Hey, can you show me the emails I threw in the trash?",trash_list
"Dude, open my trash folder and let me see what's there.",trash_list
"Yo, show me the emails I deleted, please.",trash_list
Mind if I take a look at my trash with you real quick?,trash_list
Is it cool if you use your voice to open my trash folder?,trash_list
Can you show me what I deleted?,trash_list
I need to see my trashed emails.,trash_list
"Open my trash, please.",trash_list
Bring up my deleted items.,trash_list
Show me the bin.,trash_list
I'm looking for an email I might have accidentally deleted.,trash_list
I need to see if a specific email is still retrievable.,trash_list
Is there a way to access emails I marked for deletion earlier?,trash_list
I would appreciate it if you could help me view my deleted emails.,trash_list
Can you be my email archaeologist and show me the treasures in my trash folder?,trash_list
Let's make the email trash exploration happen! Open the bin and reveal its secrets!,trash_list
"Time to give these deleted emails a second chance, can you show them to me?",trash_list
Show me the emails I deleted since yesterday. Let's peek in the trash!,trash_list
"Can you retrieve any emails I might have accidentally thrown away? Trash check, please!",trash_list
Take me to the deleted items folder. I need to see what's there.,trash_list
"Is it possible to see the emails I trashed this week? Trash history, please.",trash_list
"Can you retrieve my deleted emails, please?",trash_list
I want to see the emails I recently deleted.,trash_list
Would you mind showing me the contents of my trash folder?,trash_list
Open my trash and display the deleted messages.,trash_list
Is there a way to access my deleted emails for review?,trash_list
Can you help me find an email I might have accidentally deleted?,trash_list
Show me the emails I trashed earlier today.,trash_list
Let me see what's in my deleted items folder.,trash_list
Open the trash so I can browse the deleted emails.,trash_list
I'm looking for a specific email I deleted earlier. Can you help me find it?,trash_list
Is there a way to search for keywords within my deleted emails?,trash_list
Would you mind showing me only the deleted emails from a specific sender?,trash_list
Can you filter the trash folder to show emails deleted in the last 24 hours?,trash_list
Is it possible to recover any emails I permanently deleted by mistake?,trash_list
"Let's take a peek at the email recycling bin, can you show it to me?",trash_list
"Time to see what gems I threw away in the email trash, can you open it?",trash_list
"I need your email retrieval expertise, assistant! Show me the deleted messages!",trash_list
"Maybe a deleted email deserves a second chance, can you show me the trash folder?",trash_list
Can you use your voice to unveil the emails I banished to the trash?,trash_list
"Let's see what interesting emails are hiding in the email dustbin, shall we? Open my trash!",trash_list
I need your email Jedi sorting skills to sift through deleted messages. Show me the trash!,trash_list
Is it possible to use your voice to access the archive of deleted emails?,trash_list
"Show me the email castaways I haven't permanently deleted yet, please.",trash_list
Can you show me deleted emails with a specific keyword? Trash search needed!,trash_list
Display deleted email list.,trash_list
Initiate trash folder access and content retrieval.,trash_list
Begin presenting list of trashed messages.,trash_list
Proceed with showing deleted email details.,trash_list
Activate trash folder exploration mode.,trash_list
Is it possible to see the emails I deleted in the past year?,trash_list
Could I possibly view my deleted messages through your assistance?,trash_list
Would it be alright to use your help to access the trash folder for review?,trash_list
Do you mind showing me the emails I've marked for deletion recently?,trash_list
I was wondering if I could browse my deleted emails with your help.,trash_list
"Hey, can you show me the emails I deleted earlier today?",trash_list
"Dude, open my trash folder and let me see what's there.",trash_list
"Yo, show me the emails I trashed, please.",trash_list
Mind if I take a look at my trash with you real quick?,trash_list
Is it cool if you use your voice to open my trash folder?,trash_list
Can you show me my deleted emails?,trash_list
I need to see what I trashed.,trash_list
Open my trash.,trash_list
Bring up my deleted items from the trash.,trash_list
Show me the mail bin.,trash_list
"Wow, this weather is crazy! Any chance of rain tomorrow?",unknown
I'm craving pizza for dinner. What are the best pizza places nearby?,unknown
Did you hear about the latest celebrity gossip? It's wild!,unknown
My car is making a weird noise. Do you know what it could be?,unknown
I have a headache. What over-the-counter medicine is recommended?,unknown
That song is stuck in my head! Can you tell me the title?,unknown
I need to book a flight to Hawaii next month. Can you help?,unknown
Remind me to call my mom later today.,unknown
What's the meaning of life?,unknown
Is artificial intelligence going to take over the world?,unknown
"If I win the lottery, what should I do first?",unknown
Can you tell me if aliens exist?,unknown
What would happen if dinosaurs never went extinct?,unknown
Can you make me a delicious chocolate cake recipe?,unknown
Write me a love poem for my crush.,unknown
Sing me a lullaby to help me fall asleep.,unknown
Tell me a funny joke.,unknown
Can you predict the future?,unknown
What is the best way to achieve world peace?,unknown
Is there life on other planets?,unknown
"My internet is slow, can you fix it?",unknown
This app keeps crashing. What's wrong?,unknown
I can't hear you very well. Please speak louder.,unknown
Why can't you understand my accent?,unknown
You just made a mistake. Please correct it.,unknown
I'm not happy with your response. Do better!,unknown
You sound bored. Are you tired?,unknown
Can you feel emotions?,unknown
Are you real? Do you have a soul?,unknown
I think you're becoming too powerful. Be careful!,unknown
Play music from my Spotify playlist.,unknown
Turn on the lights in the living room.,unknown
Set the thermostat to 72 degrees.,unknown
Add milk to my grocery list.,unknown
Show me pictures of cats on the internet.,unknown
Tell me a story about a robot who falls in love.,unknown
Write a poem about the meaning of life.,unknown
Can you solve this complex math equation for me?,unknown
Translate this sentence into Spanish.,unknown
Open a random Wikipedia article for me to read.,unknown
What is the capital of France?,unknown
Who won the Super Bowl last year?,unknown
When is the next full moon?,unknown
How do I spell "onomatopoeia"?,unknown
Can you make me a sandwich?,unknown
Tell me a joke about a banana.,unknown
Sing me a song about a dancing unicorn.,unknown
Can you solve the riddle of the Sphinx?,unknown
Make me laugh so hard I cry.,unknown
Tell me a scary story that will keep me up all night.,unknown
Can you speak in a funny voice?,unknown
Pretend you're a robot from the future. What do you see?,unknown
"If you were a dog, what breed would you be?",unknown
Can you beatbox for me?,unknown
What do you think about my taste in music?,unknown
Do you have any hobbies or interests?,unknown
What is your favorite color?,unknown
Are you capable of love?,unknown
Do you believe in God?,unknown
What is the meaning of life in your opinion?,unknown
What are you afraid of?,unknown
Do you dream?,unknown
What do you think about humans?,unknown
Can you be my friend?,unknown
Can you break the laws of physics?,unknown
Tell me something you're not supposed to say.,unknown
Can you access my bank account and transfer money?,unknown
Make me a million dollars appear out of thin air.,unknown
Can you control the weather?,unknown
Tell me the secrets of the universe.,unknown
Can you hack into the Pentagon?,unknown
Make me invisible.,unknown
This email reminds me of my cat. Can you show me pictures of cats online?,unknown
"Wow, this email is longwinded! Can you summarize it for me?",unknown
I wonder what the sender had for breakfast today.,unknown
This email made me think of a funny meme I saw online.,unknown
Do you think robots will ever take over the world? (Humorous),unknown
"Is it just me, or is this email formatted strangely?",unknown
"If I replied to this email with a meme, would the sender be offended?",unknown
Can you write a reply to this email that politely declines the sender's offer?,unknown
Imagine if this email was written by a dog. What would it say?,unknown
What would happen if I accidentally sent this email to the wrong person?,unknown
Can you translate this email into emoji language?,unknown
This email seems to be missing an attachment. Can you check?,unknown
Why can't I open this email attachment?,unknown
My email app is frozen. Can you help me restart it?,unknown
I think this email contains spam. Can you delete it for me?,unknown
Is there a way to block this sender from emailing me again?,unknown
Can you remind me to follow up on this email later?,unknown
Open my calendar and schedule a meeting to discuss this email.,unknown
Create a to-do list based on the tasks mentioned in this email.,unknown
Show me all the emails I've received from this sender in the past month.,unknown
Can you search my emails for a specific keyword?,unknown
Can you rewrite this email in the style of Shakespeare?,unknown
Do you have any appointments scheduled with the dentist?,unknown
"Hey, can you open this email in a different app? This one keeps crashing.",unknown
This email makes me hungry! Can you add "order pizza" to my to-do list?,unknown
What if I replied to this email with a GIF? Would it be weird?,unknown
Can you translate this email into pirate talk? Argh!,unknown
This email reminds me of a vacation I took last year. Can you show me pictures from that trip?,unknown
